ID,Label
new_tst_00000.wav,6
new_tst_00001.wav,7
new_tst_00002.wav,6
new_tst_00003.wav,1
new_tst_00004.wav,5
new_tst_00005.wav,0
new_tst_00006.wav,8
new_tst_00007.wav,4
new_tst_00008.wav,7
new_tst_00009.wav,7
new_tst_00010.wav,8
new_tst_00011.wav,8
new_tst_00012.wav,3
new_tst_00013.wav,0
new_tst_00014.wav,3
new_tst_00015.wav,4
new_tst_00016.wav,7
new_tst_00017.wav,1
new_tst_00018.wav,9
new_tst_00019.wav,7
new_tst_00020.wav,3
new_tst_00021.wav,1
new_tst_00022.wav,8
new_tst_00023.wav,2
new_tst_00024.wav,5
new_tst_00025.wav,7
new_tst_00026.wav,2
new_tst_00027.wav,1
new_tst_00028.wav,0
new_tst_00029.wav,9
new_tst_00030.wav,0
new_tst_00031.wav,0
new_tst_00032.wav,7
new_tst_00033.wav,2
new_tst_00034.wav,7
new_tst_00035.wav,4
new_tst_00036.wav,8
new_tst_00037.wav,0
new_tst_00038.wav,2
new_tst_00039.wav,8
new_tst_00040.wav,8
new_tst_00041.wav,9
new_tst_00042.wav,7
new_tst_00043.wav,0
new_tst_00044.wav,3
new_tst_00045.wav,2
new_tst_00046.wav,5
new_tst_00047.wav,4
new_tst_00048.wav,0
new_tst_00049.wav,4
new_tst_00050.wav,5
new_tst_00051.wav,0
new_tst_00052.wav,7
new_tst_00053.wav,4
new_tst_00054.wav,5
new_tst_00055.wav,6
new_tst_00056.wav,4
new_tst_00057.wav,6
new_tst_00058.wav,1
new_tst_00059.wav,3
new_tst_00060.wav,5
new_tst_00061.wav,4
new_tst_00062.wav,8
new_tst_00063.wav,8
new_tst_00064.wav,7
new_tst_00065.wav,7
new_tst_00066.wav,1
new_tst_00067.wav,4
new_tst_00068.wav,1
new_tst_00069.wav,3
new_tst_00070.wav,3
new_tst_00071.wav,1
new_tst_00072.wav,7
new_tst_00073.wav,3
new_tst_00074.wav,6
new_tst_00075.wav,6
new_tst_00076.wav,1
new_tst_00077.wav,9
new_tst_00078.wav,0
new_tst_00079.wav,7
new_tst_00080.wav,0
new_tst_00081.wav,1
new_tst_00082.wav,8
new_tst_00083.wav,3
new_tst_00084.wav,4
new_tst_00085.wav,9
new_tst_00086.wav,7
new_tst_00087.wav,2
new_tst_00088.wav,7
new_tst_00089.wav,2
new_tst_00090.wav,2
new_tst_00091.wav,7
new_tst_00092.wav,4
new_tst_00093.wav,2
new_tst_00094.wav,5
new_tst_00095.wav,1
new_tst_00096.wav,2
new_tst_00097.wav,3
new_tst_00098.wav,1
new_tst_00099.wav,6
new_tst_00100.wav,7
new_tst_00101.wav,3
new_tst_00102.wav,5
new_tst_00103.wav,1
new_tst_00104.wav,9
new_tst_00105.wav,2
new_tst_00106.wav,1
new_tst_00107.wav,2
new_tst_00108.wav,6
new_tst_00109.wav,0
new_tst_00110.wav,9
new_tst_00111.wav,8
new_tst_00112.wav,3
new_tst_00113.wav,1
new_tst_00114.wav,5
new_tst_00115.wav,8
new_tst_00116.wav,6
new_tst_00117.wav,5
new_tst_00118.wav,5
new_tst_00119.wav,4
new_tst_00120.wav,3
new_tst_00121.wav,0
new_tst_00122.wav,5
new_tst_00123.wav,0
new_tst_00124.wav,8
new_tst_00125.wav,0
new_tst_00126.wav,4
new_tst_00127.wav,9
new_tst_00128.wav,4
new_tst_00129.wav,9
new_tst_00130.wav,7
new_tst_00131.wav,7
new_tst_00132.wav,0
new_tst_00133.wav,8
new_tst_00134.wav,3
new_tst_00135.wav,4
new_tst_00136.wav,7
new_tst_00137.wav,8
new_tst_00138.wav,6
new_tst_00139.wav,6
new_tst_00140.wav,7
new_tst_00141.wav,8
new_tst_00142.wav,0
new_tst_00143.wav,4
new_tst_00144.wav,4
new_tst_00145.wav,7
new_tst_00146.wav,9
new_tst_00147.wav,0
new_tst_00148.wav,8
new_tst_00149.wav,1
new_tst_00150.wav,1
new_tst_00151.wav,8
new_tst_00152.wav,9
new_tst_00153.wav,6
new_tst_00154.wav,1
new_tst_00155.wav,1
new_tst_00156.wav,5
new_tst_00157.wav,7
new_tst_00158.wav,2
new_tst_00159.wav,2
new_tst_00160.wav,1
new_tst_00161.wav,0
new_tst_00162.wav,7
new_tst_00163.wav,4
new_tst_00164.wav,6
new_tst_00165.wav,7
new_tst_00166.wav,4
new_tst_00167.wav,9
new_tst_00168.wav,6
new_tst_00169.wav,7
new_tst_00170.wav,5
new_tst_00171.wav,5
new_tst_00172.wav,9
new_tst_00173.wav,8
new_tst_00174.wav,6
new_tst_00175.wav,3
new_tst_00176.wav,5
new_tst_00177.wav,1
new_tst_00178.wav,0
new_tst_00179.wav,6
new_tst_00180.wav,4
new_tst_00181.wav,7
new_tst_00182.wav,8
new_tst_00183.wav,5
new_tst_00184.wav,7
new_tst_00185.wav,1
new_tst_00186.wav,0
new_tst_00187.wav,7
new_tst_00188.wav,3
new_tst_00189.wav,8
new_tst_00190.wav,5
new_tst_00191.wav,3
new_tst_00192.wav,5
new_tst_00193.wav,1
new_tst_00194.wav,7
new_tst_00195.wav,6
new_tst_00196.wav,8
new_tst_00197.wav,1
new_tst_00198.wav,6
new_tst_00199.wav,5
new_tst_00200.wav,5
new_tst_00201.wav,6
new_tst_00202.wav,0
new_tst_00203.wav,9
new_tst_00204.wav,3
new_tst_00205.wav,4
new_tst_00206.wav,7
new_tst_00207.wav,2
new_tst_00208.wav,1
new_tst_00209.wav,9
new_tst_00210.wav,8
new_tst_00211.wav,7
new_tst_00212.wav,1
new_tst_00213.wav,7
new_tst_00214.wav,5
new_tst_00215.wav,9
new_tst_00216.wav,2
new_tst_00217.wav,7
new_tst_00218.wav,6
new_tst_00219.wav,6
new_tst_00220.wav,0
new_tst_00221.wav,3
new_tst_00222.wav,7
new_tst_00223.wav,7
new_tst_00224.wav,3
new_tst_00225.wav,0
new_tst_00226.wav,6
new_tst_00227.wav,6
new_tst_00228.wav,4
new_tst_00229.wav,1
new_tst_00230.wav,0
new_tst_00231.wav,0
new_tst_00232.wav,8
new_tst_00233.wav,1
new_tst_00234.wav,9
new_tst_00235.wav,6
new_tst_00236.wav,0
new_tst_00237.wav,1
new_tst_00238.wav,4
new_tst_00239.wav,3
new_tst_00240.wav,4
new_tst_00241.wav,6
new_tst_00242.wav,0
new_tst_00243.wav,9
new_tst_00244.wav,6
new_tst_00245.wav,6
new_tst_00246.wav,4
new_tst_00247.wav,2
new_tst_00248.wav,2
new_tst_00249.wav,1
new_tst_00250.wav,0
new_tst_00251.wav,2
new_tst_00252.wav,5
new_tst_00253.wav,8
new_tst_00254.wav,4
new_tst_00255.wav,6
new_tst_00256.wav,0
new_tst_00257.wav,1
new_tst_00258.wav,8
new_tst_00259.wav,8
new_tst_00260.wav,1
new_tst_00261.wav,3
new_tst_00262.wav,9
new_tst_00263.wav,2
new_tst_00264.wav,8
new_tst_00265.wav,0
new_tst_00266.wav,6
new_tst_00267.wav,2
new_tst_00268.wav,3
new_tst_00269.wav,0
new_tst_00270.wav,2
new_tst_00271.wav,5
new_tst_00272.wav,7
new_tst_00273.wav,7
new_tst_00274.wav,8
new_tst_00275.wav,9
new_tst_00276.wav,7
new_tst_00277.wav,7
new_tst_00278.wav,8
new_tst_00279.wav,0
new_tst_00280.wav,7
new_tst_00281.wav,5
new_tst_00282.wav,3
new_tst_00283.wav,7
new_tst_00284.wav,4
new_tst_00285.wav,7
new_tst_00286.wav,6
new_tst_00287.wav,7
new_tst_00288.wav,2
new_tst_00289.wav,8
new_tst_00290.wav,0
new_tst_00291.wav,0
new_tst_00292.wav,0
new_tst_00293.wav,3
new_tst_00294.wav,4
new_tst_00295.wav,4
new_tst_00296.wav,2
new_tst_00297.wav,6
new_tst_00298.wav,4
new_tst_00299.wav,7
new_tst_00300.wav,5
new_tst_00301.wav,3
new_tst_00302.wav,7
new_tst_00303.wav,0
new_tst_00304.wav,2
new_tst_00305.wav,2
new_tst_00306.wav,6
new_tst_00307.wav,9
new_tst_00308.wav,4
new_tst_00309.wav,6
new_tst_00310.wav,3
new_tst_00311.wav,8
new_tst_00312.wav,1
new_tst_00313.wav,9
new_tst_00314.wav,8
new_tst_00315.wav,1
new_tst_00316.wav,6
new_tst_00317.wav,8
new_tst_00318.wav,8
new_tst_00319.wav,0
new_tst_00320.wav,3
new_tst_00321.wav,4
new_tst_00322.wav,8
new_tst_00323.wav,2
new_tst_00324.wav,2
new_tst_00325.wav,4
new_tst_00326.wav,8
new_tst_00327.wav,9
new_tst_00328.wav,8
new_tst_00329.wav,6
new_tst_00330.wav,8
new_tst_00331.wav,2
new_tst_00332.wav,3
new_tst_00333.wav,9
new_tst_00334.wav,2
new_tst_00335.wav,1
new_tst_00336.wav,4
new_tst_00337.wav,7
new_tst_00338.wav,8
new_tst_00339.wav,9
new_tst_00340.wav,7
new_tst_00341.wav,1
new_tst_00342.wav,7
new_tst_00343.wav,1
new_tst_00344.wav,3
new_tst_00345.wav,1
new_tst_00346.wav,0
new_tst_00347.wav,3
new_tst_00348.wav,3
new_tst_00349.wav,9
new_tst_00350.wav,9
new_tst_00351.wav,3
new_tst_00352.wav,6
new_tst_00353.wav,6
new_tst_00354.wav,8
new_tst_00355.wav,0
new_tst_00356.wav,7
new_tst_00357.wav,5
new_tst_00358.wav,4
new_tst_00359.wav,0
new_tst_00360.wav,7
new_tst_00361.wav,3
new_tst_00362.wav,7
new_tst_00363.wav,3
new_tst_00364.wav,8
new_tst_00365.wav,6
new_tst_00366.wav,8
new_tst_00367.wav,5
new_tst_00368.wav,6
new_tst_00369.wav,0
new_tst_00370.wav,4
new_tst_00371.wav,9
new_tst_00372.wav,5
new_tst_00373.wav,9
new_tst_00374.wav,4
new_tst_00375.wav,2
new_tst_00376.wav,4
new_tst_00377.wav,4
new_tst_00378.wav,9
new_tst_00379.wav,0
new_tst_00380.wav,7
new_tst_00381.wav,1
new_tst_00382.wav,1
new_tst_00383.wav,9
new_tst_00384.wav,5
new_tst_00385.wav,2
new_tst_00386.wav,4
new_tst_00387.wav,5
new_tst_00388.wav,0
new_tst_00389.wav,9
new_tst_00390.wav,3
new_tst_00391.wav,2
new_tst_00392.wav,0
new_tst_00393.wav,4
new_tst_00394.wav,4
new_tst_00395.wav,2
new_tst_00396.wav,6
new_tst_00397.wav,7
new_tst_00398.wav,7
new_tst_00399.wav,2
new_tst_00400.wav,2
new_tst_00401.wav,1
new_tst_00402.wav,7
new_tst_00403.wav,1
new_tst_00404.wav,2
new_tst_00405.wav,3
new_tst_00406.wav,0
new_tst_00407.wav,4
new_tst_00408.wav,7
new_tst_00409.wav,4
new_tst_00410.wav,8
new_tst_00411.wav,8
new_tst_00412.wav,8
new_tst_00413.wav,5
new_tst_00414.wav,9
new_tst_00415.wav,5
new_tst_00416.wav,7
new_tst_00417.wav,7
new_tst_00418.wav,9
new_tst_00419.wav,5
new_tst_00420.wav,7
new_tst_00421.wav,4
new_tst_00422.wav,4
new_tst_00423.wav,9
new_tst_00424.wav,2
new_tst_00425.wav,6
new_tst_00426.wav,9
new_tst_00427.wav,4
new_tst_00428.wav,4
new_tst_00429.wav,4
new_tst_00430.wav,6
new_tst_00431.wav,7
new_tst_00432.wav,1
new_tst_00433.wav,8
new_tst_00434.wav,9
new_tst_00435.wav,4
new_tst_00436.wav,7
new_tst_00437.wav,1
new_tst_00438.wav,7
new_tst_00439.wav,7
new_tst_00440.wav,7
new_tst_00441.wav,5
new_tst_00442.wav,3
new_tst_00443.wav,8
new_tst_00444.wav,7
new_tst_00445.wav,4
new_tst_00446.wav,5
new_tst_00447.wav,0
new_tst_00448.wav,7
new_tst_00449.wav,7
new_tst_00450.wav,6
new_tst_00451.wav,3
new_tst_00452.wav,8
new_tst_00453.wav,7
new_tst_00454.wav,6
new_tst_00455.wav,2
new_tst_00456.wav,1
new_tst_00457.wav,2
new_tst_00458.wav,4
new_tst_00459.wav,8
new_tst_00460.wav,1
new_tst_00461.wav,0
new_tst_00462.wav,7
new_tst_00463.wav,4
new_tst_00464.wav,4
new_tst_00465.wav,5
new_tst_00466.wav,4
new_tst_00467.wav,3
new_tst_00468.wav,1
new_tst_00469.wav,6
new_tst_00470.wav,3
new_tst_00471.wav,6
new_tst_00472.wav,1
new_tst_00473.wav,2
new_tst_00474.wav,8
new_tst_00475.wav,5
new_tst_00476.wav,4
new_tst_00477.wav,5
new_tst_00478.wav,1
new_tst_00479.wav,3
new_tst_00480.wav,4
new_tst_00481.wav,7
new_tst_00482.wav,1
new_tst_00483.wav,4
new_tst_00484.wav,2
new_tst_00485.wav,2
new_tst_00486.wav,9
new_tst_00487.wav,3
new_tst_00488.wav,5
new_tst_00489.wav,1
new_tst_00490.wav,8
new_tst_00491.wav,5
new_tst_00492.wav,3
new_tst_00493.wav,1
new_tst_00494.wav,2
new_tst_00495.wav,3
new_tst_00496.wav,1
new_tst_00497.wav,4
new_tst_00498.wav,3
new_tst_00499.wav,6
new_tst_00500.wav,3
new_tst_00501.wav,0
new_tst_00502.wav,9
new_tst_00503.wav,5
new_tst_00504.wav,5
new_tst_00505.wav,6
new_tst_00506.wav,6
new_tst_00507.wav,1
new_tst_00508.wav,2
new_tst_00509.wav,3
new_tst_00510.wav,7
new_tst_00511.wav,3
new_tst_00512.wav,1
new_tst_00513.wav,9
new_tst_00514.wav,9
new_tst_00515.wav,5
new_tst_00516.wav,5
new_tst_00517.wav,3
new_tst_00518.wav,6
new_tst_00519.wav,1
new_tst_00520.wav,0
new_tst_00521.wav,2
new_tst_00522.wav,6
new_tst_00523.wav,7
new_tst_00524.wav,2
new_tst_00525.wav,5
new_tst_00526.wav,7
new_tst_00527.wav,0
new_tst_00528.wav,0
new_tst_00529.wav,9
new_tst_00530.wav,5
new_tst_00531.wav,3
new_tst_00532.wav,3
new_tst_00533.wav,6
new_tst_00534.wav,5
new_tst_00535.wav,8
new_tst_00536.wav,4
new_tst_00537.wav,5
new_tst_00538.wav,0
new_tst_00539.wav,6
new_tst_00540.wav,3
new_tst_00541.wav,1
new_tst_00542.wav,1
new_tst_00543.wav,3
new_tst_00544.wav,6
new_tst_00545.wav,2
new_tst_00546.wav,0
new_tst_00547.wav,3
new_tst_00548.wav,4
new_tst_00549.wav,7
new_tst_00550.wav,9
new_tst_00551.wav,5
new_tst_00552.wav,0
new_tst_00553.wav,5
new_tst_00554.wav,3
new_tst_00555.wav,9
new_tst_00556.wav,3
new_tst_00557.wav,8
new_tst_00558.wav,5
new_tst_00559.wav,0
new_tst_00560.wav,8
new_tst_00561.wav,0
new_tst_00562.wav,8
new_tst_00563.wav,2
new_tst_00564.wav,4
new_tst_00565.wav,7
new_tst_00566.wav,2
new_tst_00567.wav,4
new_tst_00568.wav,5
new_tst_00569.wav,3
new_tst_00570.wav,5
new_tst_00571.wav,1
new_tst_00572.wav,5
new_tst_00573.wav,1
new_tst_00574.wav,0
new_tst_00575.wav,2
new_tst_00576.wav,2
new_tst_00577.wav,4
new_tst_00578.wav,5
new_tst_00579.wav,7
new_tst_00580.wav,3
new_tst_00581.wav,5
new_tst_00582.wav,8
new_tst_00583.wav,1
new_tst_00584.wav,1
new_tst_00585.wav,2
new_tst_00586.wav,5
new_tst_00587.wav,2
new_tst_00588.wav,0
new_tst_00589.wav,1
new_tst_00590.wav,7
new_tst_00591.wav,2
new_tst_00592.wav,3
new_tst_00593.wav,5
new_tst_00594.wav,3
new_tst_00595.wav,4
new_tst_00596.wav,7
new_tst_00597.wav,8
new_tst_00598.wav,8
new_tst_00599.wav,4
new_tst_00600.wav,3
new_tst_00601.wav,2
new_tst_00602.wav,9
new_tst_00603.wav,9
new_tst_00604.wav,8
new_tst_00605.wav,6
new_tst_00606.wav,5
new_tst_00607.wav,5
new_tst_00608.wav,1
new_tst_00609.wav,4
new_tst_00610.wav,7
new_tst_00611.wav,3
new_tst_00612.wav,0
new_tst_00613.wav,5
new_tst_00614.wav,9
new_tst_00615.wav,6
new_tst_00616.wav,3
new_tst_00617.wav,7
new_tst_00618.wav,6
new_tst_00619.wav,0
new_tst_00620.wav,2
new_tst_00621.wav,0
new_tst_00622.wav,3
new_tst_00623.wav,1
new_tst_00624.wav,7
new_tst_00625.wav,9
new_tst_00626.wav,7
new_tst_00627.wav,5
new_tst_00628.wav,2
new_tst_00629.wav,7
new_tst_00630.wav,8
new_tst_00631.wav,1
new_tst_00632.wav,9
new_tst_00633.wav,6
new_tst_00634.wav,3
new_tst_00635.wav,5
new_tst_00636.wav,0
new_tst_00637.wav,5
new_tst_00638.wav,2
new_tst_00639.wav,8
new_tst_00640.wav,7
new_tst_00641.wav,9
new_tst_00642.wav,9
new_tst_00643.wav,2
new_tst_00644.wav,5
new_tst_00645.wav,5
new_tst_00646.wav,0
new_tst_00647.wav,1
new_tst_00648.wav,6
new_tst_00649.wav,4
new_tst_00650.wav,3
new_tst_00651.wav,3
new_tst_00652.wav,2
new_tst_00653.wav,0
new_tst_00654.wav,9
new_tst_00655.wav,4
new_tst_00656.wav,0
new_tst_00657.wav,4
new_tst_00658.wav,2
new_tst_00659.wav,4
new_tst_00660.wav,1
new_tst_00661.wav,5
new_tst_00662.wav,7
new_tst_00663.wav,1
new_tst_00664.wav,1
new_tst_00665.wav,0
new_tst_00666.wav,5
new_tst_00667.wav,9
new_tst_00668.wav,2
new_tst_00669.wav,8
new_tst_00670.wav,6
new_tst_00671.wav,7
new_tst_00672.wav,5
new_tst_00673.wav,2
new_tst_00674.wav,7
new_tst_00675.wav,7
new_tst_00676.wav,9
new_tst_00677.wav,3
new_tst_00678.wav,1
new_tst_00679.wav,8
new_tst_00680.wav,2
new_tst_00681.wav,0
new_tst_00682.wav,3
new_tst_00683.wav,6
new_tst_00684.wav,8
new_tst_00685.wav,2
new_tst_00686.wav,6
new_tst_00687.wav,6
new_tst_00688.wav,1
new_tst_00689.wav,7
new_tst_00690.wav,2
new_tst_00691.wav,3
new_tst_00692.wav,3
new_tst_00693.wav,1
new_tst_00694.wav,5
new_tst_00695.wav,3
new_tst_00696.wav,7
new_tst_00697.wav,9
new_tst_00698.wav,1
new_tst_00699.wav,4
new_tst_00700.wav,2
new_tst_00701.wav,6
new_tst_00702.wav,1
new_tst_00703.wav,2
new_tst_00704.wav,2
new_tst_00705.wav,8
new_tst_00706.wav,9
new_tst_00707.wav,2
new_tst_00708.wav,0
new_tst_00709.wav,5
new_tst_00710.wav,3
new_tst_00711.wav,4
new_tst_00712.wav,3
new_tst_00713.wav,2
new_tst_00714.wav,0
new_tst_00715.wav,2
new_tst_00716.wav,6
new_tst_00717.wav,2
new_tst_00718.wav,7
new_tst_00719.wav,3
new_tst_00720.wav,6
new_tst_00721.wav,0
new_tst_00722.wav,5
new_tst_00723.wav,0
new_tst_00724.wav,8
new_tst_00725.wav,3
new_tst_00726.wav,1
new_tst_00727.wav,0
new_tst_00728.wav,7
new_tst_00729.wav,9
new_tst_00730.wav,6
new_tst_00731.wav,3
new_tst_00732.wav,3
new_tst_00733.wav,5
new_tst_00734.wav,7
new_tst_00735.wav,5
new_tst_00736.wav,1
new_tst_00737.wav,0
new_tst_00738.wav,9
new_tst_00739.wav,1
new_tst_00740.wav,5
new_tst_00741.wav,6
new_tst_00742.wav,3
new_tst_00743.wav,0
new_tst_00744.wav,2
new_tst_00745.wav,1
new_tst_00746.wav,1
new_tst_00747.wav,3
new_tst_00748.wav,7
new_tst_00749.wav,0
new_tst_00750.wav,3
new_tst_00751.wav,5
new_tst_00752.wav,6
new_tst_00753.wav,5
new_tst_00754.wav,2
new_tst_00755.wav,3
new_tst_00756.wav,4
new_tst_00757.wav,3
new_tst_00758.wav,9
new_tst_00759.wav,3
new_tst_00760.wav,8
new_tst_00761.wav,6
new_tst_00762.wav,9
new_tst_00763.wav,9
new_tst_00764.wav,1
new_tst_00765.wav,2
new_tst_00766.wav,0
new_tst_00767.wav,2
new_tst_00768.wav,5
new_tst_00769.wav,8
new_tst_00770.wav,1
new_tst_00771.wav,1
new_tst_00772.wav,2
new_tst_00773.wav,2
new_tst_00774.wav,6
new_tst_00775.wav,1
new_tst_00776.wav,5
new_tst_00777.wav,1
new_tst_00778.wav,2
new_tst_00779.wav,1
new_tst_00780.wav,2
new_tst_00781.wav,9
new_tst_00782.wav,8
new_tst_00783.wav,2
new_tst_00784.wav,7
new_tst_00785.wav,8
new_tst_00786.wav,5
new_tst_00787.wav,7
new_tst_00788.wav,3
new_tst_00789.wav,5
new_tst_00790.wav,7
new_tst_00791.wav,1
new_tst_00792.wav,2
new_tst_00793.wav,5
new_tst_00794.wav,2
new_tst_00795.wav,8
new_tst_00796.wav,5
new_tst_00797.wav,8
new_tst_00798.wav,2
new_tst_00799.wav,1
new_tst_00800.wav,1
new_tst_00801.wav,2
new_tst_00802.wav,9
new_tst_00803.wav,0
new_tst_00804.wav,3
new_tst_00805.wav,0
new_tst_00806.wav,2
new_tst_00807.wav,5
new_tst_00808.wav,2
new_tst_00809.wav,8
new_tst_00810.wav,9
new_tst_00811.wav,7
new_tst_00812.wav,8
new_tst_00813.wav,0
new_tst_00814.wav,0
new_tst_00815.wav,9
new_tst_00816.wav,6
new_tst_00817.wav,2
new_tst_00818.wav,6
new_tst_00819.wav,2
new_tst_00820.wav,3
new_tst_00821.wav,5
new_tst_00822.wav,5
new_tst_00823.wav,8
new_tst_00824.wav,6
new_tst_00825.wav,1
new_tst_00826.wav,5
new_tst_00827.wav,8
new_tst_00828.wav,6
new_tst_00829.wav,2
new_tst_00830.wav,4
new_tst_00831.wav,9
new_tst_00832.wav,1
new_tst_00833.wav,9
new_tst_00834.wav,9
new_tst_00835.wav,2
new_tst_00836.wav,9
new_tst_00837.wav,0
new_tst_00838.wav,0
new_tst_00839.wav,5
new_tst_00840.wav,5
new_tst_00841.wav,2
new_tst_00842.wav,4
new_tst_00843.wav,8
new_tst_00844.wav,2
new_tst_00845.wav,8
new_tst_00846.wav,7
new_tst_00847.wav,0
new_tst_00848.wav,1
new_tst_00849.wav,2
new_tst_00850.wav,6
new_tst_00851.wav,7
new_tst_00852.wav,9
new_tst_00853.wav,5
new_tst_00854.wav,6
new_tst_00855.wav,0
new_tst_00856.wav,3
new_tst_00857.wav,8
new_tst_00858.wav,4
new_tst_00859.wav,5
new_tst_00860.wav,8
new_tst_00861.wav,8
new_tst_00862.wav,2
new_tst_00863.wav,4
new_tst_00864.wav,0
new_tst_00865.wav,9
new_tst_00866.wav,7
new_tst_00867.wav,8
new_tst_00868.wav,3
new_tst_00869.wav,0
new_tst_00870.wav,1
new_tst_00871.wav,0
new_tst_00872.wav,7
new_tst_00873.wav,1
new_tst_00874.wav,4
new_tst_00875.wav,8
new_tst_00876.wav,6
new_tst_00877.wav,2
new_tst_00878.wav,7
new_tst_00879.wav,0
new_tst_00880.wav,3
new_tst_00881.wav,5
new_tst_00882.wav,9
new_tst_00883.wav,6
new_tst_00884.wav,9
new_tst_00885.wav,5
new_tst_00886.wav,7
new_tst_00887.wav,3
new_tst_00888.wav,4
new_tst_00889.wav,7
new_tst_00890.wav,1
new_tst_00891.wav,9
new_tst_00892.wav,6
new_tst_00893.wav,3
new_tst_00894.wav,6
new_tst_00895.wav,5
new_tst_00896.wav,1
new_tst_00897.wav,7
new_tst_00898.wav,3
new_tst_00899.wav,3
new_tst_00900.wav,7
new_tst_00901.wav,7
new_tst_00902.wav,8
new_tst_00903.wav,4
new_tst_00904.wav,2
new_tst_00905.wav,3
new_tst_00906.wav,1
new_tst_00907.wav,9
new_tst_00908.wav,3
new_tst_00909.wav,8
new_tst_00910.wav,7
new_tst_00911.wav,5
new_tst_00912.wav,2
new_tst_00913.wav,5
new_tst_00914.wav,6
new_tst_00915.wav,9
new_tst_00916.wav,3
new_tst_00917.wav,3
new_tst_00918.wav,3
new_tst_00919.wav,4
new_tst_00920.wav,9
new_tst_00921.wav,1
new_tst_00922.wav,3
new_tst_00923.wav,2
new_tst_00924.wav,7
new_tst_00925.wav,6
new_tst_00926.wav,7
new_tst_00927.wav,2
new_tst_00928.wav,0
new_tst_00929.wav,0
new_tst_00930.wav,0
new_tst_00931.wav,6
new_tst_00932.wav,1
new_tst_00933.wav,0
new_tst_00934.wav,8
new_tst_00935.wav,8
new_tst_00936.wav,4
new_tst_00937.wav,0
new_tst_00938.wav,2
new_tst_00939.wav,2
new_tst_00940.wav,3
new_tst_00941.wav,9
new_tst_00942.wav,5
new_tst_00943.wav,6
new_tst_00944.wav,1
new_tst_00945.wav,5
new_tst_00946.wav,1
new_tst_00947.wav,9
new_tst_00948.wav,8
new_tst_00949.wav,1
new_tst_00950.wav,6
new_tst_00951.wav,1
new_tst_00952.wav,7
new_tst_00953.wav,3
new_tst_00954.wav,5
new_tst_00955.wav,9
new_tst_00956.wav,5
new_tst_00957.wav,3
new_tst_00958.wav,2
new_tst_00959.wav,2
new_tst_00960.wav,7
new_tst_00961.wav,2
new_tst_00962.wav,6
new_tst_00963.wav,5
new_tst_00964.wav,7
new_tst_00965.wav,9
new_tst_00966.wav,1
new_tst_00967.wav,7
new_tst_00968.wav,9
new_tst_00969.wav,3
new_tst_00970.wav,5
new_tst_00971.wav,8
new_tst_00972.wav,4
new_tst_00973.wav,0
new_tst_00974.wav,9
new_tst_00975.wav,4
new_tst_00976.wav,1
new_tst_00977.wav,7
new_tst_00978.wav,5
new_tst_00979.wav,0
new_tst_00980.wav,9
new_tst_00981.wav,1
new_tst_00982.wav,8
new_tst_00983.wav,3
new_tst_00984.wav,4
new_tst_00985.wav,8
new_tst_00986.wav,3
new_tst_00987.wav,6
new_tst_00988.wav,8
new_tst_00989.wav,3
new_tst_00990.wav,1
new_tst_00991.wav,5
new_tst_00992.wav,1
new_tst_00993.wav,3
new_tst_00994.wav,5
new_tst_00995.wav,2
new_tst_00996.wav,2
new_tst_00997.wav,1
new_tst_00998.wav,7
new_tst_00999.wav,6
new_tst_01000.wav,1
new_tst_01001.wav,7
new_tst_01002.wav,1
new_tst_01003.wav,6
new_tst_01004.wav,7
new_tst_01005.wav,1
new_tst_01006.wav,8
new_tst_01007.wav,6
new_tst_01008.wav,2
new_tst_01009.wav,8
new_tst_01010.wav,7
new_tst_01011.wav,5
new_tst_01012.wav,2
new_tst_01013.wav,0
new_tst_01014.wav,7
new_tst_01015.wav,4
new_tst_01016.wav,0
new_tst_01017.wav,2
new_tst_01018.wav,8
new_tst_01019.wav,7
new_tst_01020.wav,3
new_tst_01021.wav,4
new_tst_01022.wav,3
new_tst_01023.wav,4
new_tst_01024.wav,7
new_tst_01025.wav,1
new_tst_01026.wav,3
new_tst_01027.wav,4
new_tst_01028.wav,7
new_tst_01029.wav,6
new_tst_01030.wav,1
new_tst_01031.wav,6
new_tst_01032.wav,6
new_tst_01033.wav,6
new_tst_01034.wav,3
new_tst_01035.wav,3
new_tst_01036.wav,6
new_tst_01037.wav,3
new_tst_01038.wav,4
new_tst_01039.wav,5
new_tst_01040.wav,2
new_tst_01041.wav,7
new_tst_01042.wav,2
new_tst_01043.wav,3
new_tst_01044.wav,7
new_tst_01045.wav,5
new_tst_01046.wav,9
new_tst_01047.wav,4
new_tst_01048.wav,4
new_tst_01049.wav,9
new_tst_01050.wav,1
new_tst_01051.wav,1
new_tst_01052.wav,7
new_tst_01053.wav,3
new_tst_01054.wav,2
new_tst_01055.wav,0
new_tst_01056.wav,1
new_tst_01057.wav,3
new_tst_01058.wav,7
new_tst_01059.wav,0
new_tst_01060.wav,3
new_tst_01061.wav,6
new_tst_01062.wav,9
new_tst_01063.wav,4
new_tst_01064.wav,8
new_tst_01065.wav,4
new_tst_01066.wav,9
new_tst_01067.wav,7
new_tst_01068.wav,8
new_tst_01069.wav,8
new_tst_01070.wav,7
new_tst_01071.wav,9
new_tst_01072.wav,2
new_tst_01073.wav,3
new_tst_01074.wav,4
new_tst_01075.wav,1
new_tst_01076.wav,5
new_tst_01077.wav,3
new_tst_01078.wav,1
new_tst_01079.wav,7
new_tst_01080.wav,4
new_tst_01081.wav,2
new_tst_01082.wav,2
new_tst_01083.wav,6
new_tst_01084.wav,5
new_tst_01085.wav,5
new_tst_01086.wav,1
new_tst_01087.wav,3
new_tst_01088.wav,2
new_tst_01089.wav,3
new_tst_01090.wav,1
new_tst_01091.wav,7
new_tst_01092.wav,3
new_tst_01093.wav,9
new_tst_01094.wav,6
new_tst_01095.wav,7
new_tst_01096.wav,5
new_tst_01097.wav,2
new_tst_01098.wav,3
new_tst_01099.wav,0
new_tst_01100.wav,4
new_tst_01101.wav,2
new_tst_01102.wav,8
new_tst_01103.wav,4
new_tst_01104.wav,8
new_tst_01105.wav,2
new_tst_01106.wav,3
new_tst_01107.wav,4
new_tst_01108.wav,4
new_tst_01109.wav,0
new_tst_01110.wav,0
new_tst_01111.wav,3
new_tst_01112.wav,1
new_tst_01113.wav,9
new_tst_01114.wav,2
new_tst_01115.wav,1
new_tst_01116.wav,0
new_tst_01117.wav,5
new_tst_01118.wav,9
new_tst_01119.wav,3
new_tst_01120.wav,4
new_tst_01121.wav,5
new_tst_01122.wav,8
new_tst_01123.wav,3
new_tst_01124.wav,3
new_tst_01125.wav,6
new_tst_01126.wav,7
new_tst_01127.wav,3
new_tst_01128.wav,3
new_tst_01129.wav,4
new_tst_01130.wav,4
new_tst_01131.wav,8
new_tst_01132.wav,7
new_tst_01133.wav,3
new_tst_01134.wav,6
new_tst_01135.wav,4
new_tst_01136.wav,5
new_tst_01137.wav,5
new_tst_01138.wav,1
new_tst_01139.wav,5
new_tst_01140.wav,8
new_tst_01141.wav,7
new_tst_01142.wav,5
new_tst_01143.wav,4
new_tst_01144.wav,4
new_tst_01145.wav,7
new_tst_01146.wav,3
new_tst_01147.wav,4
new_tst_01148.wav,8
new_tst_01149.wav,1
new_tst_01150.wav,6
new_tst_01151.wav,7
new_tst_01152.wav,6
new_tst_01153.wav,3
new_tst_01154.wav,2
new_tst_01155.wav,8
new_tst_01156.wav,3
new_tst_01157.wav,7
new_tst_01158.wav,1
new_tst_01159.wav,3
new_tst_01160.wav,6
new_tst_01161.wav,7
new_tst_01162.wav,4
new_tst_01163.wav,3
new_tst_01164.wav,8
new_tst_01165.wav,4
new_tst_01166.wav,2
new_tst_01167.wav,5
new_tst_01168.wav,3
new_tst_01169.wav,5
new_tst_01170.wav,9
new_tst_01171.wav,2
new_tst_01172.wav,3
new_tst_01173.wav,6
new_tst_01174.wav,0
new_tst_01175.wav,1
new_tst_01176.wav,3
new_tst_01177.wav,8
new_tst_01178.wav,7
new_tst_01179.wav,6
new_tst_01180.wav,3
new_tst_01181.wav,8
new_tst_01182.wav,7
new_tst_01183.wav,0
new_tst_01184.wav,3
new_tst_01185.wav,2
new_tst_01186.wav,7
new_tst_01187.wav,3
new_tst_01188.wav,8
new_tst_01189.wav,1
new_tst_01190.wav,5
new_tst_01191.wav,9
new_tst_01192.wav,1
new_tst_01193.wav,0
new_tst_01194.wav,9
new_tst_01195.wav,2
new_tst_01196.wav,9
new_tst_01197.wav,9
new_tst_01198.wav,3
new_tst_01199.wav,1
new_tst_01200.wav,1
new_tst_01201.wav,1
new_tst_01202.wav,0
new_tst_01203.wav,8
new_tst_01204.wav,4
new_tst_01205.wav,7
new_tst_01206.wav,8
new_tst_01207.wav,8
new_tst_01208.wav,3
new_tst_01209.wav,4
new_tst_01210.wav,6
new_tst_01211.wav,8
new_tst_01212.wav,6
new_tst_01213.wav,3
new_tst_01214.wav,0
new_tst_01215.wav,1
new_tst_01216.wav,7
new_tst_01217.wav,8
new_tst_01218.wav,9
new_tst_01219.wav,0
new_tst_01220.wav,2
new_tst_01221.wav,7
new_tst_01222.wav,2
new_tst_01223.wav,7
new_tst_01224.wav,4
new_tst_01225.wav,7
new_tst_01226.wav,0
new_tst_01227.wav,3
new_tst_01228.wav,7
new_tst_01229.wav,8
new_tst_01230.wav,8
new_tst_01231.wav,2
new_tst_01232.wav,2
new_tst_01233.wav,1
new_tst_01234.wav,3
new_tst_01235.wav,0
new_tst_01236.wav,6
new_tst_01237.wav,6
new_tst_01238.wav,6
new_tst_01239.wav,2
new_tst_01240.wav,2
new_tst_01241.wav,8
new_tst_01242.wav,2
new_tst_01243.wav,7
new_tst_01244.wav,8
new_tst_01245.wav,0
new_tst_01246.wav,4
new_tst_01247.wav,6
new_tst_01248.wav,1
new_tst_01249.wav,3
new_tst_01250.wav,5
new_tst_01251.wav,0
new_tst_01252.wav,8
new_tst_01253.wav,9
new_tst_01254.wav,7
new_tst_01255.wav,3
new_tst_01256.wav,3
new_tst_01257.wav,6
new_tst_01258.wav,2
new_tst_01259.wav,3
new_tst_01260.wav,3
new_tst_01261.wav,4
new_tst_01262.wav,0
new_tst_01263.wav,4
new_tst_01264.wav,1
new_tst_01265.wav,6
new_tst_01266.wav,1
new_tst_01267.wav,6
new_tst_01268.wav,3
new_tst_01269.wav,0
new_tst_01270.wav,4
new_tst_01271.wav,4
new_tst_01272.wav,5
new_tst_01273.wav,7
new_tst_01274.wav,2
new_tst_01275.wav,5
new_tst_01276.wav,8
new_tst_01277.wav,5
new_tst_01278.wav,4
new_tst_01279.wav,0
new_tst_01280.wav,4
new_tst_01281.wav,5
new_tst_01282.wav,4
new_tst_01283.wav,6
new_tst_01284.wav,6
new_tst_01285.wav,6
new_tst_01286.wav,0
new_tst_01287.wav,9
new_tst_01288.wav,8
new_tst_01289.wav,8
new_tst_01290.wav,0
new_tst_01291.wav,9
new_tst_01292.wav,7
new_tst_01293.wav,3
new_tst_01294.wav,5
new_tst_01295.wav,9
new_tst_01296.wav,9
new_tst_01297.wav,8
new_tst_01298.wav,8
new_tst_01299.wav,7
new_tst_01300.wav,5
new_tst_01301.wav,4
new_tst_01302.wav,4
new_tst_01303.wav,0
new_tst_01304.wav,5
new_tst_01305.wav,5
new_tst_01306.wav,4
new_tst_01307.wav,5
new_tst_01308.wav,6
new_tst_01309.wav,1
new_tst_01310.wav,0
new_tst_01311.wav,0
new_tst_01312.wav,8
new_tst_01313.wav,4
new_tst_01314.wav,5
new_tst_01315.wav,4
new_tst_01316.wav,2
new_tst_01317.wav,3
new_tst_01318.wav,1
new_tst_01319.wav,6
new_tst_01320.wav,0
new_tst_01321.wav,7
new_tst_01322.wav,8
new_tst_01323.wav,2
new_tst_01324.wav,5
new_tst_01325.wav,5
new_tst_01326.wav,8
new_tst_01327.wav,7
new_tst_01328.wav,2
new_tst_01329.wav,8
new_tst_01330.wav,1
new_tst_01331.wav,3
new_tst_01332.wav,4
new_tst_01333.wav,7
new_tst_01334.wav,9
new_tst_01335.wav,8
new_tst_01336.wav,6
new_tst_01337.wav,2
new_tst_01338.wav,8
new_tst_01339.wav,4
new_tst_01340.wav,5
new_tst_01341.wav,9
new_tst_01342.wav,1
new_tst_01343.wav,0
new_tst_01344.wav,9
new_tst_01345.wav,7
new_tst_01346.wav,1
new_tst_01347.wav,3
new_tst_01348.wav,8
new_tst_01349.wav,2
new_tst_01350.wav,3
new_tst_01351.wav,7
new_tst_01352.wav,9
new_tst_01353.wav,4
new_tst_01354.wav,6
new_tst_01355.wav,0
new_tst_01356.wav,0
new_tst_01357.wav,2
new_tst_01358.wav,2
new_tst_01359.wav,4
new_tst_01360.wav,9
new_tst_01361.wav,0
new_tst_01362.wav,3
new_tst_01363.wav,8
new_tst_01364.wav,3
new_tst_01365.wav,7
new_tst_01366.wav,0
new_tst_01367.wav,7
new_tst_01368.wav,6
new_tst_01369.wav,0
new_tst_01370.wav,6
new_tst_01371.wav,1
new_tst_01372.wav,7
new_tst_01373.wav,7
new_tst_01374.wav,9
new_tst_01375.wav,7
new_tst_01376.wav,6
new_tst_01377.wav,4
new_tst_01378.wav,7
new_tst_01379.wav,6
new_tst_01380.wav,0
new_tst_01381.wav,3
new_tst_01382.wav,5
new_tst_01383.wav,7
new_tst_01384.wav,5
new_tst_01385.wav,6
new_tst_01386.wav,7
new_tst_01387.wav,4
new_tst_01388.wav,4
new_tst_01389.wav,5
new_tst_01390.wav,9
new_tst_01391.wav,3
new_tst_01392.wav,6
new_tst_01393.wav,3
new_tst_01394.wav,7
new_tst_01395.wav,3
new_tst_01396.wav,9
new_tst_01397.wav,7
new_tst_01398.wav,4
new_tst_01399.wav,8
new_tst_01400.wav,5
new_tst_01401.wav,2
new_tst_01402.wav,8
new_tst_01403.wav,1
new_tst_01404.wav,3
new_tst_01405.wav,6
new_tst_01406.wav,5
new_tst_01407.wav,5
new_tst_01408.wav,4
new_tst_01409.wav,2
new_tst_01410.wav,3
new_tst_01411.wav,6
new_tst_01412.wav,9
new_tst_01413.wav,0
new_tst_01414.wav,7
new_tst_01415.wav,9
new_tst_01416.wav,7
new_tst_01417.wav,7
new_tst_01418.wav,0
new_tst_01419.wav,3
new_tst_01420.wav,7
new_tst_01421.wav,3
new_tst_01422.wav,0
new_tst_01423.wav,0
new_tst_01424.wav,4
new_tst_01425.wav,2
new_tst_01426.wav,1
new_tst_01427.wav,4
new_tst_01428.wav,1
new_tst_01429.wav,0
new_tst_01430.wav,0
new_tst_01431.wav,9
new_tst_01432.wav,1
new_tst_01433.wav,2
new_tst_01434.wav,0
new_tst_01435.wav,4
new_tst_01436.wav,4
new_tst_01437.wav,6
new_tst_01438.wav,2
new_tst_01439.wav,8
new_tst_01440.wav,3
new_tst_01441.wav,0
new_tst_01442.wav,1
new_tst_01443.wav,2
new_tst_01444.wav,8
new_tst_01445.wav,5
new_tst_01446.wav,3
new_tst_01447.wav,8
new_tst_01448.wav,1
new_tst_01449.wav,8
new_tst_01450.wav,8
new_tst_01451.wav,5
new_tst_01452.wav,4
new_tst_01453.wav,4
new_tst_01454.wav,8
new_tst_01455.wav,0
new_tst_01456.wav,8
new_tst_01457.wav,0
new_tst_01458.wav,3
new_tst_01459.wav,8
new_tst_01460.wav,9
new_tst_01461.wav,9
new_tst_01462.wav,4
new_tst_01463.wav,2
new_tst_01464.wav,0
new_tst_01465.wav,0
new_tst_01466.wav,7
new_tst_01467.wav,2
new_tst_01468.wav,4
new_tst_01469.wav,6
new_tst_01470.wav,2
new_tst_01471.wav,0
new_tst_01472.wav,2
new_tst_01473.wav,8
new_tst_01474.wav,9
new_tst_01475.wav,0
new_tst_01476.wav,9
new_tst_01477.wav,6
new_tst_01478.wav,1
new_tst_01479.wav,1
new_tst_01480.wav,0
new_tst_01481.wav,8
new_tst_01482.wav,6
new_tst_01483.wav,0
new_tst_01484.wav,3
new_tst_01485.wav,3
new_tst_01486.wav,4
new_tst_01487.wav,5
new_tst_01488.wav,0
new_tst_01489.wav,6
new_tst_01490.wav,3
new_tst_01491.wav,0
new_tst_01492.wav,1
new_tst_01493.wav,9
new_tst_01494.wav,9
new_tst_01495.wav,2
new_tst_01496.wav,6
new_tst_01497.wav,3
new_tst_01498.wav,7
new_tst_01499.wav,7
new_tst_01500.wav,5
new_tst_01501.wav,4
new_tst_01502.wav,5
new_tst_01503.wav,8
new_tst_01504.wav,0
new_tst_01505.wav,8
new_tst_01506.wav,5
new_tst_01507.wav,1
new_tst_01508.wav,7
new_tst_01509.wav,0
new_tst_01510.wav,6
new_tst_01511.wav,1
new_tst_01512.wav,4
new_tst_01513.wav,9
new_tst_01514.wav,3
new_tst_01515.wav,6
new_tst_01516.wav,6
new_tst_01517.wav,5
new_tst_01518.wav,0
new_tst_01519.wav,6
new_tst_01520.wav,5
new_tst_01521.wav,6
new_tst_01522.wav,1
new_tst_01523.wav,6
new_tst_01524.wav,6
new_tst_01525.wav,7
new_tst_01526.wav,0
new_tst_01527.wav,1
new_tst_01528.wav,3
new_tst_01529.wav,9
new_tst_01530.wav,8
new_tst_01531.wav,8
new_tst_01532.wav,9
new_tst_01533.wav,6
new_tst_01534.wav,0
new_tst_01535.wav,0
new_tst_01536.wav,0
new_tst_01537.wav,5
new_tst_01538.wav,4
new_tst_01539.wav,4
new_tst_01540.wav,1
new_tst_01541.wav,0
new_tst_01542.wav,5
new_tst_01543.wav,3
new_tst_01544.wav,3
new_tst_01545.wav,5
new_tst_01546.wav,5
new_tst_01547.wav,3
new_tst_01548.wav,4
new_tst_01549.wav,3
new_tst_01550.wav,5
new_tst_01551.wav,0
new_tst_01552.wav,4
new_tst_01553.wav,5
new_tst_01554.wav,0
new_tst_01555.wav,7
new_tst_01556.wav,6
new_tst_01557.wav,9
new_tst_01558.wav,5
new_tst_01559.wav,9
new_tst_01560.wav,9
new_tst_01561.wav,2
new_tst_01562.wav,1
new_tst_01563.wav,2
new_tst_01564.wav,7
new_tst_01565.wav,4
new_tst_01566.wav,7
new_tst_01567.wav,8
new_tst_01568.wav,5
new_tst_01569.wav,8
new_tst_01570.wav,3
new_tst_01571.wav,7
new_tst_01572.wav,7
new_tst_01573.wav,0
new_tst_01574.wav,2
new_tst_01575.wav,0
new_tst_01576.wav,1
new_tst_01577.wav,4
new_tst_01578.wav,3
new_tst_01579.wav,4
new_tst_01580.wav,1
new_tst_01581.wav,2
new_tst_01582.wav,9
new_tst_01583.wav,7
new_tst_01584.wav,2
new_tst_01585.wav,4
new_tst_01586.wav,1
new_tst_01587.wav,7
new_tst_01588.wav,4
new_tst_01589.wav,8
new_tst_01590.wav,3
new_tst_01591.wav,1
new_tst_01592.wav,9
new_tst_01593.wav,8
new_tst_01594.wav,7
new_tst_01595.wav,0
new_tst_01596.wav,9
new_tst_01597.wav,4
new_tst_01598.wav,1
new_tst_01599.wav,1
new_tst_01600.wav,5
new_tst_01601.wav,0
new_tst_01602.wav,0
new_tst_01603.wav,2
new_tst_01604.wav,1
new_tst_01605.wav,6
new_tst_01606.wav,6
new_tst_01607.wav,5
new_tst_01608.wav,9
new_tst_01609.wav,0
new_tst_01610.wav,6
new_tst_01611.wav,2
new_tst_01612.wav,0
new_tst_01613.wav,3
new_tst_01614.wav,5
new_tst_01615.wav,1
new_tst_01616.wav,6
new_tst_01617.wav,2
new_tst_01618.wav,8
new_tst_01619.wav,3
new_tst_01620.wav,1
new_tst_01621.wav,5
new_tst_01622.wav,6
new_tst_01623.wav,2
new_tst_01624.wav,0
new_tst_01625.wav,7
new_tst_01626.wav,9
new_tst_01627.wav,3
new_tst_01628.wav,2
new_tst_01629.wav,6
new_tst_01630.wav,1
new_tst_01631.wav,2
new_tst_01632.wav,3
new_tst_01633.wav,8
new_tst_01634.wav,1
new_tst_01635.wav,1
new_tst_01636.wav,3
new_tst_01637.wav,6
new_tst_01638.wav,6
new_tst_01639.wav,3
new_tst_01640.wav,9
new_tst_01641.wav,7
new_tst_01642.wav,5
new_tst_01643.wav,8
new_tst_01644.wav,4
new_tst_01645.wav,2
new_tst_01646.wav,4
new_tst_01647.wav,8
new_tst_01648.wav,5
new_tst_01649.wav,3
new_tst_01650.wav,5
new_tst_01651.wav,2
new_tst_01652.wav,1
new_tst_01653.wav,9
new_tst_01654.wav,6
new_tst_01655.wav,4
new_tst_01656.wav,3
new_tst_01657.wav,9
new_tst_01658.wav,0
new_tst_01659.wav,7
new_tst_01660.wav,6
new_tst_01661.wav,0
new_tst_01662.wav,3
new_tst_01663.wav,5
new_tst_01664.wav,9
new_tst_01665.wav,8
new_tst_01666.wav,9
new_tst_01667.wav,3
new_tst_01668.wav,2
new_tst_01669.wav,1
new_tst_01670.wav,2
new_tst_01671.wav,8
new_tst_01672.wav,5
new_tst_01673.wav,3
new_tst_01674.wav,1
new_tst_01675.wav,7
new_tst_01676.wav,3
new_tst_01677.wav,4
new_tst_01678.wav,7
new_tst_01679.wav,8
new_tst_01680.wav,0
new_tst_01681.wav,2
new_tst_01682.wav,7
new_tst_01683.wav,3
new_tst_01684.wav,0
new_tst_01685.wav,5
new_tst_01686.wav,6
new_tst_01687.wav,9
new_tst_01688.wav,8
new_tst_01689.wav,9
new_tst_01690.wav,6
new_tst_01691.wav,1
new_tst_01692.wav,9
new_tst_01693.wav,1
new_tst_01694.wav,3
new_tst_01695.wav,4
new_tst_01696.wav,7
new_tst_01697.wav,9
new_tst_01698.wav,8
new_tst_01699.wav,7
new_tst_01700.wav,3
new_tst_01701.wav,1
new_tst_01702.wav,2
new_tst_01703.wav,4
new_tst_01704.wav,0
new_tst_01705.wav,6
new_tst_01706.wav,1
new_tst_01707.wav,3
new_tst_01708.wav,5
new_tst_01709.wav,3
new_tst_01710.wav,7
new_tst_01711.wav,1
new_tst_01712.wav,3
new_tst_01713.wav,1
new_tst_01714.wav,1
new_tst_01715.wav,5
new_tst_01716.wav,1
new_tst_01717.wav,1
new_tst_01718.wav,3
new_tst_01719.wav,8
new_tst_01720.wav,5
new_tst_01721.wav,6
new_tst_01722.wav,6
new_tst_01723.wav,6
new_tst_01724.wav,2
new_tst_01725.wav,7
new_tst_01726.wav,4
new_tst_01727.wav,5
new_tst_01728.wav,8
new_tst_01729.wav,1
new_tst_01730.wav,8
new_tst_01731.wav,7
new_tst_01732.wav,1
new_tst_01733.wav,7
new_tst_01734.wav,0
new_tst_01735.wav,3
new_tst_01736.wav,8
new_tst_01737.wav,4
new_tst_01738.wav,2
new_tst_01739.wav,8
new_tst_01740.wav,3
new_tst_01741.wav,8
new_tst_01742.wav,7
new_tst_01743.wav,3
new_tst_01744.wav,4
new_tst_01745.wav,6
new_tst_01746.wav,7
new_tst_01747.wav,2
new_tst_01748.wav,4
new_tst_01749.wav,2
new_tst_01750.wav,5
new_tst_01751.wav,4
new_tst_01752.wav,3
new_tst_01753.wav,7
new_tst_01754.wav,1
new_tst_01755.wav,3
new_tst_01756.wav,4
new_tst_01757.wav,1
new_tst_01758.wav,0
new_tst_01759.wav,0
new_tst_01760.wav,0
new_tst_01761.wav,2
new_tst_01762.wav,9
new_tst_01763.wav,7
new_tst_01764.wav,5
new_tst_01765.wav,4
new_tst_01766.wav,1
new_tst_01767.wav,1
new_tst_01768.wav,0
new_tst_01769.wav,9
new_tst_01770.wav,2
new_tst_01771.wav,0
new_tst_01772.wav,7
new_tst_01773.wav,3
new_tst_01774.wav,0
new_tst_01775.wav,0
new_tst_01776.wav,4
new_tst_01777.wav,6
new_tst_01778.wav,1
new_tst_01779.wav,8
new_tst_01780.wav,7
new_tst_01781.wav,3
new_tst_01782.wav,6
new_tst_01783.wav,2
new_tst_01784.wav,3
new_tst_01785.wav,8
new_tst_01786.wav,0
new_tst_01787.wav,8
new_tst_01788.wav,5
new_tst_01789.wav,9
new_tst_01790.wav,0
new_tst_01791.wav,3
new_tst_01792.wav,2
new_tst_01793.wav,8
new_tst_01794.wav,1
new_tst_01795.wav,7
new_tst_01796.wav,5
new_tst_01797.wav,5
new_tst_01798.wav,9
new_tst_01799.wav,8
new_tst_01800.wav,5
new_tst_01801.wav,2
new_tst_01802.wav,3
new_tst_01803.wav,4
new_tst_01804.wav,5
new_tst_01805.wav,7
new_tst_01806.wav,3
new_tst_01807.wav,0
new_tst_01808.wav,1
new_tst_01809.wav,9
new_tst_01810.wav,1
new_tst_01811.wav,7
new_tst_01812.wav,0
new_tst_01813.wav,6
new_tst_01814.wav,8
new_tst_01815.wav,9
new_tst_01816.wav,4
new_tst_01817.wav,4
new_tst_01818.wav,2
new_tst_01819.wav,7
new_tst_01820.wav,9
new_tst_01821.wav,3
new_tst_01822.wav,5
new_tst_01823.wav,4
new_tst_01824.wav,5
new_tst_01825.wav,5
new_tst_01826.wav,2
new_tst_01827.wav,3
new_tst_01828.wav,7
new_tst_01829.wav,4
new_tst_01830.wav,5
new_tst_01831.wav,4
new_tst_01832.wav,0
new_tst_01833.wav,5
new_tst_01834.wav,9
new_tst_01835.wav,1
new_tst_01836.wav,9
new_tst_01837.wav,3
new_tst_01838.wav,1
new_tst_01839.wav,5
new_tst_01840.wav,8
new_tst_01841.wav,4
new_tst_01842.wav,0
new_tst_01843.wav,9
new_tst_01844.wav,5
new_tst_01845.wav,9
new_tst_01846.wav,4
new_tst_01847.wav,2
new_tst_01848.wav,5
new_tst_01849.wav,0
new_tst_01850.wav,0
new_tst_01851.wav,1
new_tst_01852.wav,4
new_tst_01853.wav,3
new_tst_01854.wav,7
new_tst_01855.wav,0
new_tst_01856.wav,8
new_tst_01857.wav,9
new_tst_01858.wav,0
new_tst_01859.wav,0
new_tst_01860.wav,1
new_tst_01861.wav,8
new_tst_01862.wav,3
new_tst_01863.wav,0
new_tst_01864.wav,7
new_tst_01865.wav,6
new_tst_01866.wav,0
new_tst_01867.wav,8
new_tst_01868.wav,3
new_tst_01869.wav,0
new_tst_01870.wav,2
new_tst_01871.wav,4
new_tst_01872.wav,5
new_tst_01873.wav,6
new_tst_01874.wav,8
new_tst_01875.wav,9
new_tst_01876.wav,0
new_tst_01877.wav,4
new_tst_01878.wav,8
new_tst_01879.wav,9
new_tst_01880.wav,8
new_tst_01881.wav,0
new_tst_01882.wav,3
new_tst_01883.wav,0
new_tst_01884.wav,0
new_tst_01885.wav,8
new_tst_01886.wav,9
new_tst_01887.wav,4
new_tst_01888.wav,5
new_tst_01889.wav,7
new_tst_01890.wav,2
new_tst_01891.wav,7
new_tst_01892.wav,0
new_tst_01893.wav,4
new_tst_01894.wav,3
new_tst_01895.wav,9
new_tst_01896.wav,2
new_tst_01897.wav,8
new_tst_01898.wav,4
new_tst_01899.wav,1
new_tst_01900.wav,6
new_tst_01901.wav,8
new_tst_01902.wav,2
new_tst_01903.wav,8
new_tst_01904.wav,2
new_tst_01905.wav,6
new_tst_01906.wav,9
new_tst_01907.wav,7
new_tst_01908.wav,3
new_tst_01909.wav,1
new_tst_01910.wav,5
new_tst_01911.wav,5
new_tst_01912.wav,3
new_tst_01913.wav,7
new_tst_01914.wav,0
new_tst_01915.wav,1
new_tst_01916.wav,2
new_tst_01917.wav,9
new_tst_01918.wav,6
new_tst_01919.wav,4
new_tst_01920.wav,3
new_tst_01921.wav,1
new_tst_01922.wav,4
new_tst_01923.wav,2
new_tst_01924.wav,4
new_tst_01925.wav,7
new_tst_01926.wav,3
new_tst_01927.wav,8
new_tst_01928.wav,6
new_tst_01929.wav,6
new_tst_01930.wav,3
new_tst_01931.wav,6
new_tst_01932.wav,7
new_tst_01933.wav,8
new_tst_01934.wav,1
new_tst_01935.wav,2
new_tst_01936.wav,6
new_tst_01937.wav,8
new_tst_01938.wav,4
new_tst_01939.wav,5
new_tst_01940.wav,3
new_tst_01941.wav,2
new_tst_01942.wav,2
new_tst_01943.wav,4
new_tst_01944.wav,2
new_tst_01945.wav,7
new_tst_01946.wav,7
new_tst_01947.wav,7
new_tst_01948.wav,1
new_tst_01949.wav,4
new_tst_01950.wav,4
new_tst_01951.wav,4
new_tst_01952.wav,7
new_tst_01953.wav,4
new_tst_01954.wav,2
new_tst_01955.wav,2
new_tst_01956.wav,1
new_tst_01957.wav,9
new_tst_01958.wav,2
new_tst_01959.wav,8
new_tst_01960.wav,5
new_tst_01961.wav,5
new_tst_01962.wav,6
new_tst_01963.wav,1
new_tst_01964.wav,5
new_tst_01965.wav,6
new_tst_01966.wav,7
new_tst_01967.wav,3
new_tst_01968.wav,2
new_tst_01969.wav,3
new_tst_01970.wav,3
new_tst_01971.wav,8
new_tst_01972.wav,7
new_tst_01973.wav,8
new_tst_01974.wav,5
new_tst_01975.wav,9
new_tst_01976.wav,0
new_tst_01977.wav,7
new_tst_01978.wav,0
new_tst_01979.wav,2
new_tst_01980.wav,8
new_tst_01981.wav,4
new_tst_01982.wav,5
new_tst_01983.wav,3
new_tst_01984.wav,5
new_tst_01985.wav,0
new_tst_01986.wav,4
new_tst_01987.wav,9
new_tst_01988.wav,1
new_tst_01989.wav,5
new_tst_01990.wav,6
new_tst_01991.wav,9
new_tst_01992.wav,5
new_tst_01993.wav,4
new_tst_01994.wav,7
new_tst_01995.wav,6
new_tst_01996.wav,4
new_tst_01997.wav,4
new_tst_01998.wav,2
new_tst_01999.wav,8
new_tst_02000.wav,8
new_tst_02001.wav,8
new_tst_02002.wav,4
new_tst_02003.wav,9
new_tst_02004.wav,2
new_tst_02005.wav,9
new_tst_02006.wav,0
new_tst_02007.wav,1
new_tst_02008.wav,9
new_tst_02009.wav,2
new_tst_02010.wav,3
new_tst_02011.wav,1
new_tst_02012.wav,0
new_tst_02013.wav,9
new_tst_02014.wav,2
new_tst_02015.wav,7
new_tst_02016.wav,8
new_tst_02017.wav,7
new_tst_02018.wav,2
new_tst_02019.wav,5
new_tst_02020.wav,6
new_tst_02021.wav,6
new_tst_02022.wav,5
new_tst_02023.wav,2
new_tst_02024.wav,5
new_tst_02025.wav,2
new_tst_02026.wav,0
new_tst_02027.wav,9
new_tst_02028.wav,2
new_tst_02029.wav,2
new_tst_02030.wav,2
new_tst_02031.wav,7
new_tst_02032.wav,7
new_tst_02033.wav,9
new_tst_02034.wav,2
new_tst_02035.wav,4
new_tst_02036.wav,6
new_tst_02037.wav,5
new_tst_02038.wav,4
new_tst_02039.wav,3
new_tst_02040.wav,4
new_tst_02041.wav,4
new_tst_02042.wav,2
new_tst_02043.wav,4
new_tst_02044.wav,3
new_tst_02045.wav,0
new_tst_02046.wav,9
new_tst_02047.wav,4
new_tst_02048.wav,2
new_tst_02049.wav,4
new_tst_02050.wav,6
new_tst_02051.wav,9
new_tst_02052.wav,3
new_tst_02053.wav,6
new_tst_02054.wav,4
new_tst_02055.wav,2
new_tst_02056.wav,4
new_tst_02057.wav,6
new_tst_02058.wav,0
new_tst_02059.wav,5
new_tst_02060.wav,5
new_tst_02061.wav,4
new_tst_02062.wav,2
new_tst_02063.wav,2
new_tst_02064.wav,5
new_tst_02065.wav,6
new_tst_02066.wav,1
new_tst_02067.wav,6
new_tst_02068.wav,6
new_tst_02069.wav,2
new_tst_02070.wav,8
new_tst_02071.wav,8
new_tst_02072.wav,6
new_tst_02073.wav,7
new_tst_02074.wav,2
new_tst_02075.wav,8
new_tst_02076.wav,8
new_tst_02077.wav,3
new_tst_02078.wav,2
new_tst_02079.wav,4
new_tst_02080.wav,7
new_tst_02081.wav,8
new_tst_02082.wav,4
new_tst_02083.wav,1
new_tst_02084.wav,5
new_tst_02085.wav,9
new_tst_02086.wav,3
new_tst_02087.wav,3
new_tst_02088.wav,0
new_tst_02089.wav,6
new_tst_02090.wav,3
new_tst_02091.wav,2
new_tst_02092.wav,4
new_tst_02093.wav,7
new_tst_02094.wav,5
new_tst_02095.wav,3
new_tst_02096.wav,3
new_tst_02097.wav,0
new_tst_02098.wav,4
new_tst_02099.wav,6
new_tst_02100.wav,9
new_tst_02101.wav,5
new_tst_02102.wav,9
new_tst_02103.wav,5
new_tst_02104.wav,0
new_tst_02105.wav,6
new_tst_02106.wav,2
new_tst_02107.wav,4
new_tst_02108.wav,5
new_tst_02109.wav,6
new_tst_02110.wav,7
new_tst_02111.wav,4
new_tst_02112.wav,0
new_tst_02113.wav,1
new_tst_02114.wav,6
new_tst_02115.wav,0
new_tst_02116.wav,5
new_tst_02117.wav,9
new_tst_02118.wav,1
new_tst_02119.wav,2
new_tst_02120.wav,0
new_tst_02121.wav,3
new_tst_02122.wav,6
new_tst_02123.wav,8
new_tst_02124.wav,6
new_tst_02125.wav,8
new_tst_02126.wav,1
new_tst_02127.wav,5
new_tst_02128.wav,7
new_tst_02129.wav,2
new_tst_02130.wav,2
new_tst_02131.wav,9
new_tst_02132.wav,4
new_tst_02133.wav,8
new_tst_02134.wav,1
new_tst_02135.wav,6
new_tst_02136.wav,8
